"ANO_EXERCICIO_CTX";"NUM_MES";"COD_PODER";"NOM_PODER";"COD_UG";"NOM_UG";"COD_CATEGORIA_REC";"CATEGORIA";"COD_ORIGEM_REC";"ORIGEM";"COD_ESPECIE_REC";"ESPECIE";"COD_RUBRICA_REC";"RUBRICA";"COD_ALINEA_REC";"ALINEA";"PINICIAL_RECEITA";"RECEITA_ARRECADADA"
2024;1;"1";"Executivo";"090201";"RÁDIO DIFUSORA DE MACAPÁ";"1";"Receitas Correntes";"6";"Receita de Serviços";"1";"Serviços Administrativos e Comerciais Gerais";"1010";"Serviços Administrativos e Comerciais Gerais";"1";"Serviços Administrativos e Comerciais Gerais - Principal";120000;0
2024;1;"1";"Executivo";"130205";"AMAPA PREVIÊNCIA  PLANO FINANCEIRO";"1";"Receitas Correntes";"2";"Contribuições";"1";"Contribuições Sociais";"5011";"Contribuição do Servidor  Civil Ativo";"1";"Contribuição do Servidor  Civil Ativo - Principal";134889751;0
2024;1;"1";"Executivo";"130205";"AMAPA PREVIÊNCIA  PLANO FINANCEIRO";"1";"Receitas Correntes";"2";"Contribuições";"1";"Contribuições Sociais";"5012";"Contribuição do Servidor  Civil Inativo";"1";"Contribuição do Servidor  Civil Inativo - Principal";17286339;0
2024;1;"1";"Executivo";"130205";"AMAPA PREVIÊNCIA  PLANO FINANCEIRO";"1";"Receitas Correntes";"2";"Contribuições";"1";"Contribuições Sociais";"5013";"Contribuição do Servidor  Civil- Pensionistas";"1";"Contribuição do Servidor  Civil- Pensionistas - Principal";2503220;0
2024;1;"1";"Executivo";"130205";"AMAPA PREVIÊNCIA  PLANO FINANCEIRO";"1";"Receitas Correntes";"2";"Contribuições";"1";"Contribuições Sociais";"5014";"Contribuição Oriunda de Sentenças Judiciais- Servidor Civil Ativo ";"1";"Contribuição Oriunda de Sentenças Judiciais - Servidor Civil Ativo - Principal";632709;0
2024;1;"1";"Executivo";"130205";"AMAPA PREVIÊNCIA  PLANO FINANCEIRO";"1";"Receitas Correntes";"2";"Contribuições";"1";"Contribuições Sociais";"5021";"Contribuição Patronal - Servidor Civil Ativo";"1";"Contribuição Patronal - Servidor Civil  Ativo -Principal";74943;0
2024;1;"1";"Executivo";"130205";"AMAPA PREVIÊNCIA  PLANO FINANCEIRO";"1";"Receitas Correntes";"2";"Contribuições";"1";"Contribuições Sociais";"5511";"CPSSS Patronal - Parcelamentos - Servidor Civil Ativo ";"1";"CPSSS Patronal - Parcelamentos - Servidor Civil Ativo  - Principal";105578789;0
2024;1;"1";"Executivo";"130205";"AMAPA PREVIÊNCIA  PLANO FINANCEIRO";"1";"Receitas Correntes";"2";"Contribuições";"1";"Contribuições Sociais";"5521";"Contribuição do Militar Ativo ";"1";"Contribuição do Militar Ativo  - Principal";18932927;0
2024;1;"1";"Executivo";"130205";"AMAPA PREVIÊNCIA  PLANO FINANCEIRO";"1";"Receitas Correntes";"2";"Contribuições";"1";"Contribuições Sociais";"5522";"Contribuição Militar Inativo ";"1";"Contribuição do Militar Inativo - Principal";6076640;0
2024;1;"1";"Executivo";"130205";"AMAPA PREVIÊNCIA  PLANO FINANCEIRO";"1";"Receitas Correntes";"2";"Contribuições";"1";"Contribuições Sociais";"5523";"Contribuição dos Pensionistas Militares";"1";"Contribuição dos Pensionistas Militares - Principal";156634;0
2024;1;"1";"Executivo";"130205";"AMAPA PREVIÊNCIA  PLANO FINANCEIRO";"1";"Receitas Correntes";"2";"Contribuições";"1";"Contribuições Sociais";"8021";"Contribuição Patronal do Militar";"1";"Contribuição Patronal do Militar - Principal";2000;0
2024;1;"1";"Executivo";"130205";"AMAPA PREVIÊNCIA  PLANO FINANCEIRO";"1";"Receitas Correntes";"3";"Receita Patrimonial";"2";"Valores Mobiliários";"1040";"Remuneração dos Recursos do Regime Próprio de Previdência Social - RPPS";"1";"Remuneração dos Recursos do Regime Próprio de Previdência Social - RPPS- Principal";465552207;0
2024;1;"1";"Executivo";"130205";"AMAPA PREVIÊNCIA  PLANO FINANCEIRO";"1";"Receitas Correntes";"9";"Outras Receitas Correntes";"9";"Demais Receitas Correntes";"9030";"Compensações Financeiras entre o Regime Geral e os Regimes Próprios de Previdência e Sistema de Proteção Social";"1";"Compensações Financeiras entre o Regime Geral e os Regimes Próprios de Previdência dos Servidores - Principal";180000;0
2024;1;"1";"Executivo";"130205";"AMAPA PREVIÊNCIA  PLANO FINANCEIRO";"1";"Receitas Correntes";"9";"Outras Receitas Correntes";"9";"Demais Receitas Correntes";"9992";"Outras Receitas Não Arrecadadas e Não Projetdas pela RFB - Primárias";"2";"Outras Receitas Não Arrecadadas e Não Projetdas pela RFB - Primárias - Multa e Juros - Principal";91836799;0
2024;1;"1";"Executivo";"130205";"AMAPA PREVIÊNCIA  PLANO FINANCEIRO";"2";"Receitas de Capital";"2";"Alienação de Bens";"1";"Alienação de Bens Móveis";"3010";"Alienação de Bens Móveis e Semoventes";"1";"Alienação de Bens Móveis e Semoventes - Principal";10000;0
2024;1;"1";"Executivo";"130205";"AMAPA PREVIÊNCIA  PLANO FINANCEIRO";"2";"Receitas de Capital";"2";"Alienação de Bens";"2";"Alienação de Bens Imóveis";"1010";"Alienação de Bens Imóveis";"1";"Alienação de Bens Imóveis - Principal";100000;0
2024;1;"1";"Executivo";"130205";"AMAPA PREVIÊNCIA  PLANO FINANCEIRO";"7";"Receita Intraorçamentária Correntes";"2";"Receita Intraorçamentária - Contribuições";"1";"Receita Intraorçamentária - Contribuições Sociais";"5011";"CPSSS Patronal - Servidor  Civil Ativo ";"1";"CPSSS Patronal - Servidor Civil Ativo - Principal";134889751;0
2024;1;"1";"Executivo";"130205";"AMAPA PREVIÊNCIA  PLANO FINANCEIRO";"7";"Receita Intraorçamentária Correntes";"2";"Receita Intraorçamentária - Contribuições";"1";"Receita Intraorçamentária - Contribuições Sociais";"5531";"Contribuição Patronal - Militar Ativo";"1";"Contribuição Patronal - Militar Ativo - Principal";20654103;0
2024;1;"1";"Executivo";"130205";"AMAPA PREVIÊNCIA  PLANO FINANCEIRO";"7";"Receita Intraorçamentária Correntes";"2";"Receita Intraorçamentária - Contribuições";"1";"Receita Intraorçamentária - Contribuições Sociais";"5551";"Contribuição dos Militares  e Pensionistas para Previdência Militar- Parcelamentos - Militar Ativo ";"1";"Contribuição dos Militares e Pensionistas para Previdência Militar - Parcelamentos - Militar Ativo - Principal";29394398;0
2024;1;"1";"Executivo";"130205";"AMAPA PREVIÊNCIA  PLANO FINANCEIRO";"7";"Receita Intraorçamentária Correntes";"9";"Receita Intraorçamentária - Outras Receitas Correntes";"9";"Receita Intraorçamentária - Demais Receitas Correntes";"9993";"Outras Receitas Não Arrecadadas e Não Projetadas pela RFB - Financeiras";"1";"Outras Receitas Não Arrecadadas e Não Projetadas pela RFB - Financeiras - Principal";7200000;0
2024;1;"1";"Executivo";"130206";"AMAPÁ PREVIDENCIA PLANO PREVIDENCIÁRIO";"1";"Receitas Correntes";"2";"Contribuições";"1";"Contribuições Sociais";"5011";"Contribuição do Servidor  Civil Ativo";"1";"Contribuição do Servidor  Civil Ativo - Principal";188929874;0
2024;1;"1";"Executivo";"130206";"AMAPÁ PREVIDENCIA PLANO PREVIDENCIÁRIO";"1";"Receitas Correntes";"2";"Contribuições";"1";"Contribuições Sociais";"5012";"Contribuição do Servidor  Civil Inativo";"1";"Contribuição do Servidor  Civil Inativo - Principal";171771;0
2024;1;"1";"Executivo";"130206";"AMAPÁ PREVIDENCIA PLANO PREVIDENCIÁRIO";"1";"Receitas Correntes";"2";"Contribuições";"1";"Contribuições Sociais";"5013";"Contribuição do Servidor  Civil- Pensionistas";"1";"Contribuição do Servidor  Civil- Pensionistas - Principal";187515;0
2024;1;"1";"Executivo";"130206";"AMAPÁ PREVIDENCIA PLANO PREVIDENCIÁRIO";"1";"Receitas Correntes";"2";"Contribuições";"1";"Contribuições Sociais";"5014";"Contribuição Oriunda de Sentenças Judiciais- Servidor Civil Ativo ";"1";"Contribuição Oriunda de Sentenças Judiciais - Servidor Civil Ativo - Principal";1041577;0
2024;1;"1";"Executivo";"130206";"AMAPÁ PREVIDENCIA PLANO PREVIDENCIÁRIO";"1";"Receitas Correntes";"2";"Contribuições";"1";"Contribuições Sociais";"5021";"Contribuição Patronal - Servidor Civil Ativo";"1";"Contribuição Patronal - Servidor Civil  Ativo -Principal";241202;0
2024;1;"1";"Executivo";"130206";"AMAPÁ PREVIDENCIA PLANO PREVIDENCIÁRIO";"1";"Receitas Correntes";"2";"Contribuições";"1";"Contribuições Sociais";"5511";"CPSSS Patronal - Parcelamentos - Servidor Civil Ativo ";"1";"CPSSS Patronal - Parcelamentos - Servidor Civil Ativo  - Principal";64492025;0
2024;1;"1";"Executivo";"130206";"AMAPÁ PREVIDENCIA PLANO PREVIDENCIÁRIO";"1";"Receitas Correntes";"2";"Contribuições";"1";"Contribuições Sociais";"5521";"Contribuição do Militar Ativo ";"1";"Contribuição do Militar Ativo  - Principal";31928165;0
2024;1;"1";"Executivo";"130206";"AMAPÁ PREVIDENCIA PLANO PREVIDENCIÁRIO";"1";"Receitas Correntes";"2";"Contribuições";"1";"Contribuições Sociais";"5522";"Contribuição Militar Inativo ";"1";"Contribuição do Militar Inativo - Principal";8559;0
2024;1;"1";"Executivo";"130206";"AMAPÁ PREVIDENCIA PLANO PREVIDENCIÁRIO";"1";"Receitas Correntes";"2";"Contribuições";"1";"Contribuições Sociais";"5523";"Contribuição dos Pensionistas Militares";"1";"Contribuição dos Pensionistas Militares - Principal";5604;0
2024;1;"1";"Executivo";"130206";"AMAPÁ PREVIDENCIA PLANO PREVIDENCIÁRIO";"1";"Receitas Correntes";"2";"Contribuições";"1";"Contribuições Sociais";"8021";"Contribuição Patronal do Militar";"1";"Contribuição Patronal do Militar - Principal";2000;0
2024;1;"1";"Executivo";"130206";"AMAPÁ PREVIDENCIA PLANO PREVIDENCIÁRIO";"1";"Receitas Correntes";"3";"Receita Patrimonial";"2";"Valores Mobiliários";"1040";"Remuneração dos Recursos do Regime Próprio de Previdência Social - RPPS";"1";"Remuneração dos Recursos do Regime Próprio de Previdência Social - RPPS- Principal";230060900;0
2024;1;"1";"Executivo";"130206";"AMAPÁ PREVIDENCIA PLANO PREVIDENCIÁRIO";"1";"Receitas Correntes";"9";"Outras Receitas Correntes";"9";"Demais Receitas Correntes";"9030";"Compensações Financeiras entre o Regime Geral e os Regimes Próprios de Previdência e Sistema de Proteção Social";"1";"Compensações Financeiras entre o Regime Geral e os Regimes Próprios de Previdência dos Servidores - Principal";20000;0
2024;1;"1";"Executivo";"130206";"AMAPÁ PREVIDENCIA PLANO PREVIDENCIÁRIO";"1";"Receitas Correntes";"9";"Outras Receitas Correntes";"9";"Demais Receitas Correntes";"9992";"Outras Receitas Não Arrecadadas e Não Projetdas pela RFB - Primárias";"2";"Outras Receitas Não Arrecadadas e Não Projetdas pela RFB - Primárias - Multa e Juros - Principal";45537899;0
2024;1;"1";"Executivo";"130206";"AMAPÁ PREVIDENCIA PLANO PREVIDENCIÁRIO";"2";"Receitas de Capital";"2";"Alienação de Bens";"1";"Alienação de Bens Móveis";"3010";"Alienação de Bens Móveis e Semoventes";"1";"Alienação de Bens Móveis e Semoventes - Principal";10000;0
2024;1;"1";"Executivo";"130206";"AMAPÁ PREVIDENCIA PLANO PREVIDENCIÁRIO";"2";"Receitas de Capital";"2";"Alienação de Bens";"2";"Alienação de Bens Imóveis";"1010";"Alienação de Bens Imóveis";"1";"Alienação de Bens Imóveis - Principal";100000;0
2024;1;"1";"Executivo";"130206";"AMAPÁ PREVIDENCIA PLANO PREVIDENCIÁRIO";"7";"Receita Intraorçamentária Correntes";"2";"Receita Intraorçamentária - Contribuições";"1";"Receita Intraorçamentária - Contribuições Sociais";"5011";"CPSSS Patronal - Servidor  Civil Ativo ";"1";"CPSSS Patronal - Servidor Civil Ativo - Principal";188929874;0
2024;1;"1";"Executivo";"130206";"AMAPÁ PREVIDENCIA PLANO PREVIDENCIÁRIO";"7";"Receita Intraorçamentária Correntes";"2";"Receita Intraorçamentária - Contribuições";"1";"Receita Intraorçamentária - Contribuições Sociais";"5531";"Contribuição Patronal - Militar Ativo";"1";"Contribuição Patronal - Militar Ativo - Principal";34830726;0
2024;1;"1";"Executivo";"130206";"AMAPÁ PREVIDENCIA PLANO PREVIDENCIÁRIO";"7";"Receita Intraorçamentária Correntes";"2";"Receita Intraorçamentária - Contribuições";"1";"Receita Intraorçamentária - Contribuições Sociais";"5551";"Contribuição dos Militares  e Pensionistas para Previdência Militar- Parcelamentos - Militar Ativo ";"1";"Contribuição dos Militares e Pensionistas para Previdência Militar - Parcelamentos - Militar Ativo - Principal";19198386;0
2024;1;"1";"Executivo";"130206";"AMAPÁ PREVIDENCIA PLANO PREVIDENCIÁRIO";"7";"Receita Intraorçamentária Correntes";"9";"Receita Intraorçamentária - Outras Receitas Correntes";"9";"Receita Intraorçamentária - Demais Receitas Correntes";"9993";"Outras Receitas Não Arrecadadas e Não Projetadas pela RFB - Financeiras";"1";"Outras Receitas Não Arrecadadas e Não Projetadas pela RFB - Financeiras - Principal";7200000;0
2024;1;"1";"Executivo";"140101";"SECRETARIA DE ESTADO DA FAZENDA";"1";"Receitas Correntes";"1";"Impostos, Taxas e Contribuições de Melhoria";"1";"Impostos";"2510";"Imposto sobre a Propriedade de Veículos Automotores";"1";"Imposto sobre a Propriedade de Veículos Automotores - Principal";114086885;1938973,77
2024;1;"1";"Executivo";"140101";"SECRETARIA DE ESTADO DA FAZENDA";"1";"Receitas Correntes";"1";"Impostos, Taxas e Contribuições de Melhoria";"1";"Impostos";"2510";"Imposto sobre a Propriedade de Veículos Automotores";"2";"Imposto sobre a Propriedade de Veículos Automotores - Multas e Juros";13056395;206840,54
2024;1;"1";"Executivo";"140101";"SECRETARIA DE ESTADO DA FAZENDA";"1";"Receitas Correntes";"1";"Impostos, Taxas e Contribuições de Melhoria";"1";"Impostos";"2520";"Imposto sobre Transmissão ""Causa Mortis"" e Doação de Bens e Direitos";"1";"Imposto sobre Transmissão ""Causa Mortis"" e Doação de Bens e Direitos - Principal";4020041;3500
2024;1;"1";"Executivo";"140101";"SECRETARIA DE ESTADO DA FAZENDA";"1";"Receitas Correntes";"1";"Impostos, Taxas e Contribuições de Melhoria";"1";"Impostos";"2520";"Imposto sobre Transmissão ""Causa Mortis"" e Doação de Bens e Direitos";"2";"Imposto sobre Transmissão Causa Mortis e Doação de Bens e Direitos - Multas e Juros";93631;0
2024;1;"1";"Executivo";"140101";"SECRETARIA DE ESTADO DA FAZENDA";"1";"Receitas Correntes";"1";"Impostos, Taxas e Contribuições de Melhoria";"1";"Impostos";"3020";"Imposto sobre a Renda de Pessoa Jurídica - IRPJ - Líquida de Incentivos";"1";"Imposto sobre a Renda de Pessoa Jurídica - IRPJ - Líquida de Incentivos - Principal";19468129;4973,83
2024;1;"1";"Executivo";"140101";"SECRETARIA DE ESTADO DA FAZENDA";"1";"Receitas Correntes";"1";"Impostos, Taxas e Contribuições de Melhoria";"1";"Impostos";"3031";"Imposto sobre a Renda - Retido na Fonte - Trabalho";"1";"Imposto sobre a Renda - Retido na Fonte - Trabalho - Principal";413523194;161458,82
2024;1;"1";"Executivo";"140101";"SECRETARIA DE ESTADO DA FAZENDA";"1";"Receitas Correntes";"1";"Impostos, Taxas e Contribuições de Melhoria";"1";"Impostos";"3031";"Imposto sobre a Renda - Retido na Fonte - Trabalho";"2";"Imposto sobre a Renda - Retido na Fonte - Trabalho - Multas e Juros";6811;0
2024;1;"1";"Executivo";"140101";"SECRETARIA DE ESTADO DA FAZENDA";"1";"Receitas Correntes";"1";"Impostos, Taxas e Contribuições de Melhoria";"1";"Impostos";"4501";"Imposto sobre Operações Relativas à Circulação de Mercadorias e sobre Prestações de Serviços de Transporte Interestadual e Intermunicipal e de Comunicação";"1";"Imposto sobre Operações Relativas à Circulação de Mercadorias e sobre Prestações de Serviços de Transporte Interestadual e Intermunicipal e de Comunicação - Principal";1466486872;100681347,15
2024;1;"1";"Executivo";"140101";"SECRETARIA DE ESTADO DA FAZENDA";"1";"Receitas Correntes";"1";"Impostos, Taxas e Contribuições de Melhoria";"1";"Impostos";"4501";"Imposto sobre Operações Relativas à Circulação de Mercadorias e sobre Prestações de Serviços de Transporte Interestadual e Intermunicipal e de Comunicação";"2";"Imposto sobre Operações Relativas à Circulação de Mercadorias e sobre Prestações de Serviços de Transporte Interestadual e Intermunicipal e de Comunicação - Multas e Juros";14159304;337812,21
2024;1;"1";"Executivo";"140101";"SECRETARIA DE ESTADO DA FAZENDA";"1";"Receitas Correntes";"1";"Impostos, Taxas e Contribuições de Melhoria";"1";"Impostos";"4501";"Imposto sobre Operações Relativas à Circulação de Mercadorias e sobre Prestações de Serviços de Transporte Interestadual e Intermunicipal e de Comunicação";"3";"Imposto sobre Operações Relativas à Circulação de Mercadorias e sobre Prestações de Serviços de Transporte Interestadual e Intermunicipal e de Comunicação - Dívida Ativa";2928646;71353,28
2024;1;"1";"Executivo";"140101";"SECRETARIA DE ESTADO DA FAZENDA";"1";"Receitas Correntes";"1";"Impostos, Taxas e Contribuições de Melhoria";"1";"Impostos";"4501";"Imposto sobre Operações Relativas à Circulação de Mercadorias e sobre Prestações de Serviços de Transporte Interestadual e Intermunicipal e de Comunicação";"4";"Imposto sobre Operações Relativas à Circulação de Mercadorias e sobre Prestações de Serviços de Transporte Interestadual e Intermunicipal e de Comunicação - Dívida Ativa - Multas e Juros";2716540;70589,93
2024;1;"1";"Executivo";"140101";"SECRETARIA DE ESTADO DA FAZENDA";"1";"Receitas Correntes";"1";"Impostos, Taxas e Contribuições de Melhoria";"2";"Taxas";"1010";"Taxas de Inspeção, Controle e Fiscalização";"1";"Taxas de Inspeção, Controle e Fiscalização";110281;0
2024;1;"1";"Executivo";"140101";"SECRETARIA DE ESTADO DA FAZENDA";"1";"Receitas Correntes";"1";"Impostos, Taxas e Contribuições de Melhoria";"2";"Taxas";"2010";"Taxas pela Prestação de Serviços em Geral";"1";"Taxas pela Prestação de Serviços em Geral - Principal";292883;0
2024;1;"1";"Executivo";"140101";"SECRETARIA DE ESTADO DA FAZENDA";"1";"Receitas Correntes";"1";"Impostos, Taxas e Contribuições de Melhoria";"2";"Taxas";"2010";"Taxas pela Prestação de Serviços em Geral";"2";"Taxas pela Prestação de Serviços em Geral - Multas e Juros de Mora";0;38,82
2024;1;"1";"Executivo";"140101";"SECRETARIA DE ESTADO DA FAZENDA";"1";"Receitas Correntes";"1";"Impostos, Taxas e Contribuições de Melhoria";"2";"Taxas";"2500";"Taxas Judiciais";"1";"Taxas Judiciais - Principal";0;56361,05
2024;1;"1";"Executivo";"140101";"SECRETARIA DE ESTADO DA FAZENDA";"1";"Receitas Correntes";"3";"Receita Patrimonial";"1";"Exploração do Patrimônio Imobiliário do Estado";"1011";"Aluguéis e Arrendamentos";"1";"Aluguéis e Arrendamentos - Principal";38500;0
2024;1;"1";"Executivo";"140101";"SECRETARIA DE ESTADO DA FAZENDA";"1";"Receitas Correntes";"3";"Receita Patrimonial";"2";"Valores Mobiliários";"1010";"Remuneração de Depósitos Bancários";"1";"Remuneração de Depósitos Bancários - Principal";15620910;0
2024;1;"1";"Executivo";"140101";"SECRETARIA DE ESTADO DA FAZENDA";"1";"Receitas Correntes";"3";"Receita Patrimonial";"6";"Cessão de Direitos";"1011";"Cessão do Direito de Operacionalização de Pagamentos - Poderes Executivo e Legislativo";"1";"Cessão do Direito de Operacionalização de Pagamentos - Poderes Executivo e Legislativo - Principal";6315698;0
2024;1;"1";"Executivo";"140101";"SECRETARIA DE ESTADO DA FAZENDA";"1";"Receitas Correntes";"3";"Receita Patrimonial";"9";"Demais Receitas Patrimoniais";"9990";"Outras Receitas Patrimoniais";"1";"Outras Receitas Patrimoniais - Principal";10312541;0
2024;1;"1";"Executivo";"140101";"SECRETARIA DE ESTADO DA FAZENDA";"1";"Receitas Correntes";"7";"Transferências Correntes";"1";"Transferências da União e de suas Entidades";"1500";"Cota-Parte do Fundo de Participação dos Estados e do Distrito Federal";"1";"Cota-Parte do Fundo de Participação dos Estados e do Distrito Federal - Principal";5499354098;242166566,37
2024;1;"1";"Executivo";"140101";"SECRETARIA DE ESTADO DA FAZENDA";"1";"Receitas Correntes";"7";"Transferências Correntes";"1";"Transferências da União e de suas Entidades";"1530";"Cota-Parte do Imposto Sobre Produtos Industrializados- Estados Exportadores de Produtos Industrializados";"1";"Cota-Parte do Imposto Sobre Produtos Industrializados - Estados Exportadores de Produtos Industrializados - Principal";15968414;200999,89
2024;1;"1";"Executivo";"140101";"SECRETARIA DE ESTADO DA FAZENDA";"1";"Receitas Correntes";"7";"Transferências Correntes";"1";"Transferências da União e de suas Entidades";"1540";"Cota-Parte da Contribuição de Intervenção no Domínio Econômico";"1";"Cota-Parte da Contribuição de Intervenção no Domínio Econômico";3556000;0
2024;1;"1";"Executivo";"140101";"SECRETARIA DE ESTADO DA FAZENDA";"1";"Receitas Correntes";"7";"Transferências Correntes";"1";"Transferências da União e de suas Entidades";"1550";"Cota-Parte do Imposto Sobre Operações de Crédito, Câmbio e Seguro, ou Relativas a Títulos ou Valores Mobiliários - Comercialização do Ouro";"1";"Cota-Parte do Imposto Sobre Operações de Crédito, Câmbio e Seguro, ou Relativas a Títulos ou Valores Mobiliários - Comercialização do Ouro - Principal";73374;0
2024;1;"1";"Executivo";"140101";"SECRETARIA DE ESTADO DA FAZENDA";"1";"Receitas Correntes";"7";"Transferências Correntes";"1";"Transferências da União e de suas Entidades";"2500";"Cota-parte da Compensação Financeira de Recursos Hídricos";"1";"Cota-parte da Compensação Financeira de Recursos Hídricos - Principal";5234229;0
2024;1;"1";"Executivo";"140101";"SECRETARIA DE ESTADO DA FAZENDA";"1";"Receitas Correntes";"7";"Transferências Correntes";"1";"Transferências da União e de suas Entidades";"2510";"Cota-parte da Compensação Financeira de Recursos Minerais - CFEM";"1";"Cota-parte da Compensação Financeira de Recursos Minerais - CFEM - Principal";4329667;0
2024;1;"1";"Executivo";"140101";"SECRETARIA DE ESTADO DA FAZENDA";"1";"Receitas Correntes";"7";"Transferências Correntes";"1";"Transferências da União e de suas Entidades";"2521";"Cota-Parte do Fundo Especial do Petróleo - FEP";"1";"Cota-Parte do Fundo Especial do Petróleo - FEP - Principal";41778572;0
2024;1;"1";"Executivo";"140101";"SECRETARIA DE ESTADO DA FAZENDA";"1";"Receitas Correntes";"7";"Transferências Correntes";"1";"Transferências da União e de suas Entidades";"4501";"Transferências do Salário-Educação - Principal";"0";"Transferências do Salário-Educação - Principal";7232708;0
2024;1;"1";"Executivo";"140101";"SECRETARIA DE ESTADO DA FAZENDA";"1";"Receitas Correntes";"7";"Transferências Correntes";"1";"Transferências da União e de suas Entidades";"7990";"Outras Transferências de Convênios da União e de Suas Entidades";"1";"Outras Transferências de Convênios da União e de Suas Entidades - Principal";1800000;0
2024;1;"1";"Executivo";"140101";"SECRETARIA DE ESTADO DA FAZENDA";"1";"Receitas Correntes";"7";"Transferências Correntes";"1";"Transferências da União e de suas Entidades";"9990";"Outras Transferências de Recursos  da União e de suas Entidades";"1";"Outras Transferências de Recursos  da União e de suas Entidades - Principal";10477200;0
2024;1;"1";"Executivo";"140101";"SECRETARIA DE ESTADO DA FAZENDA";"1";"Receitas Correntes";"9";"Outras Receitas Correntes";"2";"Indenizações, Restituições e Ressarcimentos";"1990";"Outras Indenizações";"1";"Outras Indenizações - Principal";241928;0
2024;1;"1";"Executivo";"140101";"SECRETARIA DE ESTADO DA FAZENDA";"1";"Receitas Correntes";"9";"Outras Receitas Correntes";"2";"Indenizações, Restituições e Ressarcimentos";"2063";"Restituição de Despesas Primárias de Exercícios Anteriores";"1";"Restituição de Despesas Primárias de Exercícios Anteriores - Principal";0;4000
2024;1;"1";"Executivo";"140101";"SECRETARIA DE ESTADO DA FAZENDA";"1";"Receitas Correntes";"9";"Outras Receitas Correntes";"2";"Indenizações, Restituições e Ressarcimentos";"2990";"Outras Restituições";"1";"Outras Restituições - Principal";155630;0
2024;1;"1";"Executivo";"140101";"SECRETARIA DE ESTADO DA FAZENDA";"1";"Receitas Correntes";"9";"Outras Receitas Correntes";"9";"Demais Receitas Correntes";"9992";"Outras Receitas Não Arrecadadas e Não Projetdas pela RFB - Primárias";"1";"Outras Receitas Não Arrecadadas e Não Projetdas pela RFB - Primárias - Principal";722461;127598,78
2024;1;"1";"Executivo";"140101";"SECRETARIA DE ESTADO DA FAZENDA";"1";"Receitas Correntes";"9";"Outras Receitas Correntes";"9";"Demais Receitas Correntes";"9992";"Outras Receitas Não Arrecadadas e Não Projetdas pela RFB - Primárias";"2";"Outras Receitas Não Arrecadadas e Não Projetdas pela RFB - Primárias - Multa e Juros - Principal";284259;2995,48
2024;1;"1";"Executivo";"140101";"SECRETARIA DE ESTADO DA FAZENDA";"1";"Receitas Correntes";"9";"Outras Receitas Correntes";"9";"Demais Receitas Correntes";"9992";"Outras Receitas Não Arrecadadas e Não Projetdas pela RFB - Primárias";"3";"Outras Receitas Não Arrecadadas e Não Projetadas pela RFB - Primárias - Dívida Ativa";273411;3991,02
2024;1;"1";"Executivo";"140101";"SECRETARIA DE ESTADO DA FAZENDA";"1";"Receitas Correntes";"9";"Outras Receitas Correntes";"9";"Demais Receitas Correntes";"9992";"Outras Receitas Não Arrecadadas e Não Projetdas pela RFB - Primárias";"4";"Outras Receitas Não Arrecadadas e Não Projetadas pela RFB - Primárias - Dívida Ativa - Multas e Juros";177274;1991,29
2024;1;"1";"Executivo";"140101";"SECRETARIA DE ESTADO DA FAZENDA";"2";"Receitas de Capital";"1";"Operações de Crédito";"1";"Operações de Crédito - Mercado Interno";"9990";"Outras Operações de Crédito - Mercado Interno";"1";"Outras Operações de Crédito - Mercado Interno - Principal";56000000;0
2024;1;"1";"Executivo";"140101";"SECRETARIA DE ESTADO DA FAZENDA";"2";"Receitas de Capital";"1";"Operações de Crédito";"2";"Operações de Crédito - Mercado Externo";"9990";"Outras Operações de Crédito - Mercado Externo";"1";"Outras Operações de Crédito - Mercado Externo - Principal";30006472;0
2024;1;"1";"Executivo";"140101";"SECRETARIA DE ESTADO DA FAZENDA";"2";"Receitas de Capital";"4";"Transferência de Capital";"1";"Transferências da União e de suas Entidades";"4990";"Outras Transferências de Convênios da União e de suas entidades";"1";"Outras Transferências de Convênios da União e de suas entidades - Principal";188254492;0
2024;1;"1";"Executivo";"140101";"SECRETARIA DE ESTADO DA FAZENDA";"2";"Receitas de Capital";"4";"Transferência de Capital";"1";"Transferências da União e de suas Entidades";"9990";"Outras Transferências de Recursos da União e de suas Entidades";"1";"Outras Transferências de Recursos da União e de suas Entidades - Principal";10220000;0
2024;1;"1";"Executivo";"140201";"JUNTA COMERCIAL DO AMAPÁ";"1";"Receitas Correntes";"3";"Receita Patrimonial";"2";"Valores Mobiliários";"1010";"Remuneração de Depósitos Bancários";"1";"Remuneração de Depósitos Bancários - Principal";229307;0
2024;1;"1";"Executivo";"140201";"JUNTA COMERCIAL DO AMAPÁ";"1";"Receitas Correntes";"6";"Receita de Serviços";"1";"Serviços Administrativos e Comerciais Gerais";"1030";"Serviços de Registro, Certificação e Fiscalização";"1";"Serviços de Registro, Certificação e Fiscalização - Principal";2195297;0
2024;1;"1";"Executivo";"140302";"FUNDO DE DESENVOLVIMENTO E APERFEIÇOAMENTO DA ADM TRIBUTARIA DA SEFAZ";"1";"Receitas Correntes";"1";"Impostos, Taxas e Contribuições de Melhoria";"2";"Taxas";"2010";"Taxas pela Prestação de Serviços em Geral";"1";"Taxas pela Prestação de Serviços em Geral - Principal";900000;28949,46
2024;1;"1";"Executivo";"140302";"FUNDO DE DESENVOLVIMENTO E APERFEIÇOAMENTO DA ADM TRIBUTARIA DA SEFAZ";"1";"Receitas Correntes";"1";"Impostos, Taxas e Contribuições de Melhoria";"2";"Taxas";"2010";"Taxas pela Prestação de Serviços em Geral";"2";"Taxas pela Prestação de Serviços em Geral - Multas e Juros de Mora";5000;27,8
2024;1;"1";"Executivo";"150201";"CENTRO DE GESTÃO DA TECNOLOGIA DA INFORMAÇÃO";"1";"Receitas Correntes";"3";"Receita Patrimonial";"2";"Valores Mobiliários";"1010";"Remuneração de Depósitos Bancários";"1";"Remuneração de Depósitos Bancários - Principal";169611;0
2024;1;"1";"Executivo";"150201";"CENTRO DE GESTÃO DA TECNOLOGIA DA INFORMAÇÃO";"1";"Receitas Correntes";"6";"Receita de Serviços";"1";"Serviços Administrativos e Comerciais Gerais";"1040";"Serviços de Informação e Tecnologia";"1";"Serviços de Informação e Tecnologia - Principal";11496844;0
2024;1;"1";"Executivo";"150203";"INSTITUTO DE PESOS E MEDIDAS";"1";"Receitas Correntes";"3";"Receita Patrimonial";"2";"Valores Mobiliários";"1010";"Remuneração de Depósitos Bancários";"1";"Remuneração de Depósitos Bancários - Principal";16000;0
2024;1;"1";"Executivo";"150203";"INSTITUTO DE PESOS E MEDIDAS";"1";"Receitas Correntes";"7";"Transferências Correntes";"1";"Transferências da União e de suas Entidades";"7990";"Outras Transferências de Convênios da União e de Suas Entidades";"1";"Outras Transferências de Convênios da União e de Suas Entidades - Principal";1440000;0
2024;1;"1";"Executivo";"150205";"AGÊNCIA DE DESENVOLVIMENTO ECONÔMICO  DO AMAPÁ";"1";"Receitas Correntes";"1";"Impostos, Taxas e Contribuições de Melhoria";"2";"Taxas";"1010";"Taxas de Inspeção, Controle e Fiscalização";"1";"Taxas de Inspeção, Controle e Fiscalização";1350000;0
2024;1;"1";"Executivo";"150205";"AGÊNCIA DE DESENVOLVIMENTO ECONÔMICO  DO AMAPÁ";"1";"Receitas Correntes";"3";"Receita Patrimonial";"2";"Valores Mobiliários";"1010";"Remuneração de Depósitos Bancários";"1";"Remuneração de Depósitos Bancários - Principal";108000;0
2024;1;"1";"Executivo";"230204";"AGÊNCIA DE DEFESA E INSPEÇÃO AGROPECUÁRIA";"1";"Receitas Correntes";"1";"Impostos, Taxas e Contribuições de Melhoria";"2";"Taxas";"2010";"Taxas pela Prestação de Serviços em Geral";"1";"Taxas pela Prestação de Serviços em Geral - Principal";497000;2713,04
2024;1;"1";"Executivo";"230204";"AGÊNCIA DE DEFESA E INSPEÇÃO AGROPECUÁRIA";"1";"Receitas Correntes";"3";"Receita Patrimonial";"2";"Valores Mobiliários";"1010";"Remuneração de Depósitos Bancários";"1";"Remuneração de Depósitos Bancários - Principal";17050;0
2024;1;"1";"Executivo";"230204";"AGÊNCIA DE DEFESA E INSPEÇÃO AGROPECUÁRIA";"1";"Receitas Correntes";"4";"Receita Agropecuária";"1";"Receita Agropecuária";"1010";"Receita Agropecuária";"1";"Receita Agropecuária - Outras Receitas Agropecuária -  Principal";285000;0
2024;1;"1";"Executivo";"230204";"AGÊNCIA DE DEFESA E INSPEÇÃO AGROPECUÁRIA";"1";"Receitas Correntes";"7";"Transferências Correntes";"1";"Transferências da União e de suas Entidades";"7990";"Outras Transferências de Convênios da União e de Suas Entidades";"1";"Outras Transferências de Convênios da União e de Suas Entidades - Principal";1500000;0
2024;1;"1";"Executivo";"230206";"INSTITUTO DE EXTENSÃO, ASSISTÊNCIA E DESENVOLVIMENTO RURAL DO AMAPÁ-RURAP";"1";"Receitas Correntes";"3";"Receita Patrimonial";"2";"Valores Mobiliários";"1010";"Remuneração de Depósitos Bancários";"1";"Remuneração de Depósitos Bancários - Principal";30000;0
2024;1;"1";"Executivo";"230206";"INSTITUTO DE EXTENSÃO, ASSISTÊNCIA E DESENVOLVIMENTO RURAL DO AMAPÁ-RURAP";"1";"Receitas Correntes";"6";"Receita de Serviços";"1";"Serviços Administrativos e Comerciais Gerais";"1010";"Serviços Administrativos e Comerciais Gerais";"1";"Serviços Administrativos e Comerciais Gerais - Principal";350000;0
2024;1;"1";"Executivo";"230206";"INSTITUTO DE EXTENSÃO, ASSISTÊNCIA E DESENVOLVIMENTO RURAL DO AMAPÁ-RURAP";"1";"Receitas Correntes";"7";"Transferências Correntes";"1";"Transferências da União e de suas Entidades";"7990";"Outras Transferências de Convênios da União e de Suas Entidades";"1";"Outras Transferências de Convênios da União e de Suas Entidades - Principal";2000000;0
2024;1;"1";"Executivo";"230207";"INSTITUTO DE TERRAS DO ESTADO DO AMAPÁ - AMAPÁ TERRAS";"1";"Receitas Correntes";"1";"Impostos, Taxas e Contribuições de Melhoria";"2";"Taxas";"2010";"Taxas pela Prestação de Serviços em Geral";"1";"Taxas pela Prestação de Serviços em Geral - Principal";0;300
2024;1;"1";"Executivo";"230207";"INSTITUTO DE TERRAS DO ESTADO DO AMAPÁ - AMAPÁ TERRAS";"1";"Receitas Correntes";"3";"Receita Patrimonial";"2";"Valores Mobiliários";"1010";"Remuneração de Depósitos Bancários";"1";"Remuneração de Depósitos Bancários - Principal";1496852;0
2024;1;"1";"Executivo";"240303";"FUNDO DO TRABALHO DO ESTADO DO AMAPÁ - FET/AP";"1";"Receitas Correntes";"7";"Transferências Correntes";"1";"Transferências da União e de suas Entidades";"9990";"Outras Transferências de Recursos  da União e de suas Entidades";"1";"Outras Transferências de Recursos  da União e de suas Entidades - Principal";447969;0
2024;1;"1";"Executivo";"250201";"INSTITUTO DE PESQUISAS CIENTÍFICAS E TECNOLÓGICAS DO ESTADO DO AMAPÁ";"1";"Receitas Correntes";"3";"Receita Patrimonial";"1";"Exploração do Patrimônio Imobiliário do Estado";"1011";"Aluguéis e Arrendamentos";"1";"Aluguéis e Arrendamentos - Principal";2000;0
2024;1;"1";"Executivo";"250201";"INSTITUTO DE PESQUISAS CIENTÍFICAS E TECNOLÓGICAS DO ESTADO DO AMAPÁ";"1";"Receitas Correntes";"3";"Receita Patrimonial";"2";"Valores Mobiliários";"1010";"Remuneração de Depósitos Bancários";"1";"Remuneração de Depósitos Bancários - Principal";50000;0
2024;1;"1";"Executivo";"250201";"INSTITUTO DE PESQUISAS CIENTÍFICAS E TECNOLÓGICAS DO ESTADO DO AMAPÁ";"1";"Receitas Correntes";"5";"Receita Industrial";"1";"Receita Industrial";"1010";"Receita Industrial ";"1";"Receita Industrial - Outras Receitas da Indústria de Transformação - Principal";220000;0
2024;1;"1";"Executivo";"250201";"INSTITUTO DE PESQUISAS CIENTÍFICAS E TECNOLÓGICAS DO ESTADO DO AMAPÁ";"1";"Receitas Correntes";"6";"Receita de Serviços";"1";"Serviços Administrativos e Comerciais Gerais";"1010";"Serviços Administrativos e Comerciais Gerais";"1";"Serviços Administrativos e Comerciais Gerais - Principal";389800;0
2024;1;"1";"Executivo";"250201";"INSTITUTO DE PESQUISAS CIENTÍFICAS E TECNOLÓGICAS DO ESTADO DO AMAPÁ";"1";"Receitas Correntes";"7";"Transferências Correntes";"1";"Transferências da União e de suas Entidades";"7990";"Outras Transferências de Convênios da União e de Suas Entidades";"1";"Outras Transferências de Convênios da União e de Suas Entidades - Principal";310000;0
2024;1;"1";"Executivo";"250202";"UNIVERSIDADE DO ESTADO DO AMAPÁ";"1";"Receitas Correntes";"3";"Receita Patrimonial";"2";"Valores Mobiliários";"1010";"Remuneração de Depósitos Bancários";"1";"Remuneração de Depósitos Bancários - Principal";579654;0
2024;1;"1";"Executivo";"250202";"UNIVERSIDADE DO ESTADO DO AMAPÁ";"1";"Receitas Correntes";"6";"Receita de Serviços";"1";"Serviços Administrativos e Comerciais Gerais";"1020";"Inscrição em Concursos e Processos Seletivos";"1";"Inscrição em Concursos e Processos Seletivos - Principal";1459;0
2024;1;"1";"Executivo";"250202";"UNIVERSIDADE DO ESTADO DO AMAPÁ";"1";"Receitas Correntes";"9";"Outras Receitas Correntes";"2";"Indenizações, Restituições e Ressarcimentos";"2990";"Outras Restituições";"1";"Outras Restituições - Principal";3823;0
2024;1;"1";"Executivo";"250202";"UNIVERSIDADE DO ESTADO DO AMAPÁ";"1";"Receitas Correntes";"9";"Outras Receitas Correntes";"9";"Demais Receitas Correntes";"9992";"Outras Receitas Não Arrecadadas e Não Projetdas pela RFB - Primárias";"1";"Outras Receitas Não Arrecadadas e Não Projetdas pela RFB - Primárias - Principal";1108902;0
2024;1;"1";"Executivo";"250203";"FUNDAÇÃO DE AMPARO À PESQUISA DO ESTADO DO AMAPÁ";"1";"Receitas Correntes";"7";"Transferências Correntes";"1";"Transferências da União e de suas Entidades";"7990";"Outras Transferências de Convênios da União e de Suas Entidades";"1";"Outras Transferências de Convênios da União e de Suas Entidades - Principal";3080000;0
2024;1;"1";"Executivo";"260301";"FUNDO ESTADUAL DE RECURSOS PARA O MEIO AMBIENTE";"1";"Receitas Correntes";"1";"Impostos, Taxas e Contribuições de Melhoria";"2";"Taxas";"1040";"Taxa de Controle e Fiscalização Ambiental";"1";"Taxa de Controle e Fiscalização Ambiental - Principal";1061945;1746,82
2024;1;"1";"Executivo";"260301";"FUNDO ESTADUAL DE RECURSOS PARA O MEIO AMBIENTE";"1";"Receitas Correntes";"1";"Impostos, Taxas e Contribuições de Melhoria";"2";"Taxas";"1040";"Taxa de Controle e Fiscalização Ambiental";"2";"Taxa de Controle e Fiscalização Ambiental - Multas e Juros";1000;25,08
2024;1;"1";"Executivo";"260301";"FUNDO ESTADUAL DE RECURSOS PARA O MEIO AMBIENTE";"1";"Receitas Correntes";"1";"Impostos, Taxas e Contribuições de Melhoria";"2";"Taxas";"2010";"Taxas pela Prestação de Serviços em Geral";"1";"Taxas pela Prestação de Serviços em Geral - Principal";25600;0
2024;1;"1";"Executivo";"260301";"FUNDO ESTADUAL DE RECURSOS PARA O MEIO AMBIENTE";"1";"Receitas Correntes";"3";"Receita Patrimonial";"2";"Valores Mobiliários";"1010";"Remuneração de Depósitos Bancários";"1";"Remuneração de Depósitos Bancários - Principal";664000;0
2024;1;"1";"Executivo";"260301";"FUNDO ESTADUAL DE RECURSOS PARA O MEIO AMBIENTE";"1";"Receitas Correntes";"3";"Receita Patrimonial";"4";"Exploração de Recursos Naturais";"6040";"Contratos de Transição de Concessão Florestal";"1";"Contratos de Transição de Concessão Florestal - Principal";2407778;0
2024;1;"1";"Executivo";"260301";"FUNDO ESTADUAL DE RECURSOS PARA O MEIO AMBIENTE";"1";"Receitas Correntes";"9";"Outras Receitas Correntes";"1";"Multas Administrativas, Contratuais e Judiciais";"1010";"Multas Previstas em Legislação Específica";"2";"Multas Previstas em Legislação Específica - Multas e Juros";4318;0
2024;1;"1";"Executivo";"260301";"FUNDO ESTADUAL DE RECURSOS PARA O MEIO AMBIENTE";"1";"Receitas Correntes";"9";"Outras Receitas Correntes";"1";"Multas Administrativas, Contratuais e Judiciais";"1061";"Multas Administrativas por Danos Ambientais";"1";"Multas Administrativas por Danos Ambientais - Principal";352024;0
2024;1;"1";"Executivo";"260301";"FUNDO ESTADUAL DE RECURSOS PARA O MEIO AMBIENTE";"1";"Receitas Correntes";"9";"Outras Receitas Correntes";"2";"Indenizações, Restituições e Ressarcimentos";"2990";"Outras Restituições";"1";"Outras Restituições - Principal";65540;0
2024;1;"1";"Executivo";"260302";"FUNDO ESTADUAL DE RECURSOS HÍDRICOS DO AMAPÁ";"1";"Receitas Correntes";"1";"Impostos, Taxas e Contribuições de Melhoria";"2";"Taxas";"2010";"Taxas pela Prestação de Serviços em Geral";"1";"Taxas pela Prestação de Serviços em Geral - Principal";237370;0
2024;1;"1";"Executivo";"260302";"FUNDO ESTADUAL DE RECURSOS HÍDRICOS DO AMAPÁ";"1";"Receitas Correntes";"3";"Receita Patrimonial";"2";"Valores Mobiliários";"1010";"Remuneração de Depósitos Bancários";"1";"Remuneração de Depósitos Bancários - Principal";77887;0
2024;1;"1";"Executivo";"260302";"FUNDO ESTADUAL DE RECURSOS HÍDRICOS DO AMAPÁ";"1";"Receitas Correntes";"7";"Transferências Correntes";"1";"Transferências da União e de suas Entidades";"7990";"Outras Transferências de Convênios da União e de Suas Entidades";"1";"Outras Transferências de Convênios da União e de Suas Entidades - Principal";750000;0
2024;1;"1";"Executivo";"280101";"SECRETARIA DE ESTADO DA EDUCAÇÃO";"1";"Receitas Correntes";"3";"Receita Patrimonial";"2";"Valores Mobiliários";"1010";"Remuneração de Depósitos Bancários";"1";"Remuneração de Depósitos Bancários - Principal";5200000;0
2024;1;"1";"Executivo";"280101";"SECRETARIA DE ESTADO DA EDUCAÇÃO";"1";"Receitas Correntes";"7";"Transferências Correntes";"1";"Transferências da União e de suas Entidades";"4510";"Transferências Diretas do FNDE referentes ao Programa Dinheiro Direto na Escola - PDDE";"1";"Transferências Diretas do FNDE referentes ao Programa Dinheiro Direto na Escola - PDDE - Principal";56897;0
2024;1;"1";"Executivo";"280101";"SECRETARIA DE ESTADO DA EDUCAÇÃO";"1";"Receitas Correntes";"7";"Transferências Correntes";"1";"Transferências da União e de suas Entidades";"4520";"Transferências Diretas do FNDE referentes ao Programa Nacional de Alimentação Escolar - PNAE";"1";"Transferências Diretas do FNDE referentes ao Programa Nacional de Alimentação Escolar - PNAE - Principal";10361682;0
2024;1;"1";"Executivo";"280101";"SECRETARIA DE ESTADO DA EDUCAÇÃO";"1";"Receitas Correntes";"7";"Transferências Correntes";"1";"Transferências da União e de suas Entidades";"4530";"Transferências Diretas do FNDE referentes ao Programa Nacional de Apoio ao Transporte do Escolar - PNATE";"1";"Transferências Diretas do FNDE referentes ao Programa Nacional de Apoio ao Transporte do Escolar - PNATE - Principal";3551080;0
2024;1;"1";"Executivo";"280101";"SECRETARIA DE ESTADO DA EDUCAÇÃO";"1";"Receitas Correntes";"7";"Transferências Correntes";"1";"Transferências da União e de suas Entidades";"4990";"Outras Transferências Diretas do Fundo Nacional do Desenvolvimento da Educação - FNDE";"1";"Outras Transferências Diretas do Fundo Nacional do Desenvolvimento da Educação - FNDE - Principal";13550206;0
2024;1;"1";"Executivo";"280101";"SECRETARIA DE ESTADO DA EDUCAÇÃO";"1";"Receitas Correntes";"7";"Transferências Correntes";"1";"Transferências da União e de suas Entidades";"5520";"Transferências  de Recursos de Complementação da União  ao FUNDEB - VAAR";"1";"Transferências  de Recursos de Complementação  da União ao FUNDEB - VAAR - Principal";7111268;0
2024;1;"1";"Executivo";"280101";"SECRETARIA DE ESTADO DA EDUCAÇÃO";"1";"Receitas Correntes";"7";"Transferências Correntes";"1";"Transferências da União e de suas Entidades";"7510";"Transferências de Convênios da União Destinadas a Programas de Educação";"1";"Transferências de Convênios da União Destinadas a Programas de Educação - Principal";341721;0
2024;1;"1";"Executivo";"280101";"SECRETARIA DE ESTADO DA EDUCAÇÃO";"1";"Receitas Correntes";"7";"Transferências Correntes";"5";"Transferências de Outras Instituições Públicas";"1500";"Transferências de Recursos do Fundo de Manutenção e Desenvolvimento da Educação Básica e de Valorização dos Profissionais da Educação - FUNDEB";"1";"Transferências de Recursos do Fundo de Manutenção e Desenvolvimento da Educação Básica e de Valorização dos Profissionais da Educação - FUNDEB - Principal";1100000000;0
2024;1;"1";"Executivo";"290301";"FUNDO ESTADUAL DE DESENVOLVIMENTO DESPORTIVO DO ESTADO DO AMAPÁ";"1";"Receitas Correntes";"3";"Receita Patrimonial";"2";"Valores Mobiliários";"1010";"Remuneração de Depósitos Bancários";"1";"Remuneração de Depósitos Bancários - Principal";5000;0
2024;1;"1";"Executivo";"290301";"FUNDO ESTADUAL DE DESENVOLVIMENTO DESPORTIVO DO ESTADO DO AMAPÁ";"1";"Receitas Correntes";"9";"Outras Receitas Correntes";"9";"Demais Receitas Correntes";"9992";"Outras Receitas Não Arrecadadas e Não Projetdas pela RFB - Primárias";"1";"Outras Receitas Não Arrecadadas e Não Projetdas pela RFB - Primárias - Principal";480000;0
2024;1;"1";"Executivo";"300201";"INSTITUTO DE HEMATOLOGIA E HEMOTERAPIA DO AMAPÁ";"1";"Receitas Correntes";"3";"Receita Patrimonial";"2";"Valores Mobiliários";"1010";"Remuneração de Depósitos Bancários";"1";"Remuneração de Depósitos Bancários - Principal";126000;0
2024;1;"1";"Executivo";"300201";"INSTITUTO DE HEMATOLOGIA E HEMOTERAPIA DO AMAPÁ";"1";"Receitas Correntes";"6";"Receita de Serviços";"3";"Serviços de Atendimento à Saúde";"1990";"Outros Serviços de Atendimento à Saúde";"1";"Outros Serviços de Atendimento à Saúde  - Principal";700000;0
2024;1;"1";"Executivo";"300201";"INSTITUTO DE HEMATOLOGIA E HEMOTERAPIA DO AMAPÁ";"1";"Receitas Correntes";"7";"Transferências Correntes";"1";"Transferências da União e de suas Entidades";"7990";"Outras Transferências de Convênios da União e de Suas Entidades";"1";"Outras Transferências de Convênios da União e de Suas Entidades - Principal";3500000;0
2024;1;"1";"Executivo";"300203";"SUPERINTENDENCIA DE VIGILÂNCIA EM SAÚDE DO ESTADO DO AMAPÁ";"1";"Receitas Correntes";"1";"Impostos, Taxas e Contribuições de Melhoria";"2";"Taxas";"1500";"Taxa de Fiscalização de Vigilância Sanitária";"1";"Taxa de Fiscalização de Vigilância Sanitária - Principal";350000;4918,68
2024;1;"1";"Executivo";"300203";"SUPERINTENDENCIA DE VIGILÂNCIA EM SAÚDE DO ESTADO DO AMAPÁ";"1";"Receitas Correntes";"3";"Receita Patrimonial";"2";"Valores Mobiliários";"1010";"Remuneração de Depósitos Bancários";"1";"Remuneração de Depósitos Bancários - Principal";5000;0
2024;1;"1";"Executivo";"300203";"SUPERINTENDENCIA DE VIGILÂNCIA EM SAÚDE DO ESTADO DO AMAPÁ";"2";"Receitas de Capital";"4";"Transferência de Capital";"1";"Transferências da União e de suas Entidades";"4990";"Outras Transferências de Convênios da União e de suas entidades";"1";"Outras Transferências de Convênios da União e de suas entidades - Principal";500000;0
2024;1;"1";"Executivo";"300301";"FUNDO ESTADUAL DE SAÚDE";"1";"Receitas Correntes";"3";"Receita Patrimonial";"2";"Valores Mobiliários";"1010";"Remuneração de Depósitos Bancários";"1";"Remuneração de Depósitos Bancários - Principal";469596;0
2024;1;"1";"Executivo";"300301";"FUNDO ESTADUAL DE SAÚDE";"1";"Receitas Correntes";"7";"Transferências Correntes";"1";"Transferências da União e de suas Entidades";"3501";"Transferência de Recursos do  Bloco Manutenção  das Ações e Serviços Públicos de Saúde - Atenção Primária";"1";"Transferência de Recursos do  Bloco Custeio das Ações e Serviços Públicos de Saúde - Atenção Primária - Principal";457200;0
2024;1;"1";"Executivo";"300301";"FUNDO ESTADUAL DE SAÚDE";"1";"Receitas Correntes";"7";"Transferências Correntes";"1";"Transferências da União e de suas Entidades";"3502";"Transferência de Recursos do  Bloco Manutenção  das Ações e Serviços Públicos de Saúde - Atenção  Especializada";"1";"Transferência de Recursos do  Bloco Manutenção  das Ações e Serviços Públicos de Saúde - Atenção  Especializada - Principal";182406222;0
2024;1;"1";"Executivo";"300301";"FUNDO ESTADUAL DE SAÚDE";"1";"Receitas Correntes";"7";"Transferências Correntes";"1";"Transferências da União e de suas Entidades";"3503";"Transferência de Recursos do  Bloco Manutenção  das Ações e Serviços Públicos de Saúde - Vigilância em Saúde";"1";"Transferência de Recursos do  Bloco Manutenção  das Ações e Serviços Públicos de Saúde - Vigilância em Saúde - Principal";3823755;0
2024;1;"1";"Executivo";"300301";"FUNDO ESTADUAL DE SAÚDE";"1";"Receitas Correntes";"7";"Transferências Correntes";"1";"Transferências da União e de suas Entidades";"3504";"Transferência de Recursos do  Bloco Manutenção  das Ações e Serviços Públicos de Saúde - Assistência Farmacêutica";"1";"Transferência de Recursos do  Bloco Manutenção  das Ações e Serviços Públicos de Saúde - Assistência Farmacêutica - Principal";806466;0
2024;1;"1";"Executivo";"300301";"FUNDO ESTADUAL DE SAÚDE";"1";"Receitas Correntes";"7";"Transferências Correntes";"1";"Transferências da União e de suas Entidades";"3505";"Transferência de Recursos do Bloco de Manutenção das Ações e Serviços Públicos  de Saúde - Gestão do SUS";"1";"Transferência de Recursos do Bloco de Manutenção das Ações e Serviços Públicos  de Saúde - Gestão do SUS - Principal";10295506;0
2024;1;"1";"Executivo";"300301";"FUNDO ESTADUAL DE SAÚDE";"2";"Receitas de Capital";"4";"Transferência de Capital";"1";"Transferências da União e de suas Entidades";"1512";"Transferências de Recursos do Bloco de Estruturação da Rede de Serviços Públicos de Saúde - Atenção  Especializada";"1";"Transferências de Recursos  do Bloco de Estruturação da Rede de Serviços  Públicos de Saúde - Atenção Especializada  - Princial";36000000;0
2024;1;"1";"Executivo";"300301";"FUNDO ESTADUAL DE SAÚDE";"2";"Receitas de Capital";"4";"Transferência de Capital";"1";"Transferências da União e de suas Entidades";"4500";"Transferências  de Convênios  da União  para o Sistema Único de Saúde - SUS ";"1";"Transferências de Convênios da União para o Sistema Único de Saúde - SUS - Principal";160000000;0
2024;1;"1";"Executivo";"330201";"INSTITUTO DE DEFESA DO CONSUMIDOR DO AMAPÁ";"1";"Receitas Correntes";"1";"Impostos, Taxas e Contribuições de Melhoria";"2";"Taxas";"2010";"Taxas pela Prestação de Serviços em Geral";"1";"Taxas pela Prestação de Serviços em Geral - Principal";3300;0
2024;1;"1";"Executivo";"330201";"INSTITUTO DE DEFESA DO CONSUMIDOR DO AMAPÁ";"1";"Receitas Correntes";"3";"Receita Patrimonial";"2";"Valores Mobiliários";"1010";"Remuneração de Depósitos Bancários";"1";"Remuneração de Depósitos Bancários - Principal";5360;0
2024;1;"1";"Executivo";"330201";"INSTITUTO DE DEFESA DO CONSUMIDOR DO AMAPÁ";"1";"Receitas Correntes";"9";"Outras Receitas Correntes";"1";"Multas Administrativas, Contratuais e Judiciais";"1010";"Multas Previstas em Legislação Específica";"1";"Multas Previstas em Legislação Específica - Principal";21500;0
2024;1;"1";"Executivo";"330201";"INSTITUTO DE DEFESA DO CONSUMIDOR DO AMAPÁ";"1";"Receitas Correntes";"9";"Outras Receitas Correntes";"1";"Multas Administrativas, Contratuais e Judiciais";"1010";"Multas Previstas em Legislação Específica";"2";"Multas Previstas em Legislação Específica - Multas e Juros";5360;0
2024;1;"1";"Executivo";"330202";"INSTITUTO DE ADMINISTRAÇÃO PENITENCIÁRIA DO ESTADO";"1";"Receitas Correntes";"3";"Receita Patrimonial";"2";"Valores Mobiliários";"1010";"Remuneração de Depósitos Bancários";"1";"Remuneração de Depósitos Bancários - Principal";5000;0
2024;1;"1";"Executivo";"330202";"INSTITUTO DE ADMINISTRAÇÃO PENITENCIÁRIA DO ESTADO";"1";"Receitas Correntes";"7";"Transferências Correntes";"1";"Transferências da União e de suas Entidades";"7990";"Outras Transferências de Convênios da União e de Suas Entidades";"1";"Outras Transferências de Convênios da União e de Suas Entidades - Principal";2000000;0
2024;1;"1";"Executivo";"330202";"INSTITUTO DE ADMINISTRAÇÃO PENITENCIÁRIA DO ESTADO";"2";"Receitas de Capital";"4";"Transferência de Capital";"1";"Transferências da União e de suas Entidades";"4990";"Outras Transferências de Convênios da União e de suas entidades";"1";"Outras Transferências de Convênios da União e de suas entidades - Principal";2000000;0
2024;1;"1";"Executivo";"330203";"DEPARTAMENTO ESTADUAL DE TRÂNSITO";"1";"Receitas Correntes";"1";"Impostos, Taxas e Contribuições de Melhoria";"2";"Taxas";"2010";"Taxas pela Prestação de Serviços em Geral";"1";"Taxas pela Prestação de Serviços em Geral - Principal";44681679;0
2024;1;"1";"Executivo";"330203";"DEPARTAMENTO ESTADUAL DE TRÂNSITO";"1";"Receitas Correntes";"3";"Receita Patrimonial";"2";"Valores Mobiliários";"1010";"Remuneração de Depósitos Bancários";"1";"Remuneração de Depósitos Bancários - Principal";2425393;0
2024;1;"1";"Executivo";"330203";"DEPARTAMENTO ESTADUAL DE TRÂNSITO";"1";"Receitas Correntes";"7";"Transferências Correntes";"4";"Transferências de Instituições Privadas";"1990";"Outras Transferências de  Convênio  de Instituições Privadas";"1";"Outras Transferências de Convênios de Instituições Privadas - Principal";373404;0
2024;1;"1";"Executivo";"330203";"DEPARTAMENTO ESTADUAL DE TRÂNSITO";"1";"Receitas Correntes";"9";"Outras Receitas Correntes";"1";"Multas Administrativas, Contratuais e Judiciais";"1010";"Multas Previstas em Legislação Específica";"1";"Multas Previstas em Legislação Específica - Principal";9217384;0
2024;1;"1";"Executivo";"330301";"FUNDO ESPECIAL DE REEQUIPAMENTO POLICIAL";"1";"Receitas Correntes";"1";"Impostos, Taxas e Contribuições de Melhoria";"2";"Taxas";"1010";"Taxas de Inspeção, Controle e Fiscalização";"1";"Taxas de Inspeção, Controle e Fiscalização";266781;4699,7
2024;1;"1";"Executivo";"330301";"FUNDO ESPECIAL DE REEQUIPAMENTO POLICIAL";"1";"Receitas Correntes";"3";"Receita Patrimonial";"2";"Valores Mobiliários";"1010";"Remuneração de Depósitos Bancários";"1";"Remuneração de Depósitos Bancários - Principal";5335;0
2024;1;"1";"Executivo";"330302";"FUNDO PENITENCIÁRIO DO ESTADO DO AMAPÁ";"1";"Receitas Correntes";"7";"Transferências Correntes";"1";"Transferências da União e de suas Entidades";"9530";"Transferência de Recursos  do Fundo Penitenciário Nacional - FUPEN";"1";"Transferências de Recursos do Fundo Penitenciário Nacional  - FUPEN - Principal";1855130;0
2024;1;"1";"Executivo";"330302";"FUNDO PENITENCIÁRIO DO ESTADO DO AMAPÁ";"1";"Receitas Correntes";"9";"Outras Receitas Correntes";"9";"Demais Receitas Correntes";"9992";"Outras Receitas Não Arrecadadas e Não Projetdas pela RFB - Primárias";"2";"Outras Receitas Não Arrecadadas e Não Projetdas pela RFB - Primárias - Multa e Juros - Principal";145860;0
2024;1;"1";"Executivo";"330303";"FUNDO ESTADUAL DE SEGURANÇA PÚBLICA - FUNSEP";"1";"Receitas Correntes";"3";"Receita Patrimonial";"2";"Valores Mobiliários";"1010";"Remuneração de Depósitos Bancários";"1";"Remuneração de Depósitos Bancários - Principal";800000;0
2024;1;"1";"Executivo";"330303";"FUNDO ESTADUAL DE SEGURANÇA PÚBLICA - FUNSEP";"1";"Receitas Correntes";"7";"Transferências Correntes";"1";"Transferências da União e de suas Entidades";"9990";"Outras Transferências de Recursos  da União e de suas Entidades";"1";"Outras Transferências de Recursos  da União e de suas Entidades - Principal";26000000;0
2024;1;"1";"Executivo";"360301";"FUNDO DE REEQUIPAMENTO DO CORPO DE BOMBEIROS";"1";"Receitas Correntes";"1";"Impostos, Taxas e Contribuições de Melhoria";"2";"Taxas";"2010";"Taxas pela Prestação de Serviços em Geral";"1";"Taxas pela Prestação de Serviços em Geral - Principal";1909105;16728,06
2024;1;"1";"Executivo";"360301";"FUNDO DE REEQUIPAMENTO DO CORPO DE BOMBEIROS";"1";"Receitas Correntes";"3";"Receita Patrimonial";"2";"Valores Mobiliários";"1010";"Remuneração de Depósitos Bancários";"1";"Remuneração de Depósitos Bancários - Principal";90000;0
2024;1;"1";"Executivo";"360301";"FUNDO DE REEQUIPAMENTO DO CORPO DE BOMBEIROS";"2";"Receitas de Capital";"4";"Transferência de Capital";"1";"Transferências da União e de suas Entidades";"4990";"Outras Transferências de Convênios da União e de suas entidades";"1";"Outras Transferências de Convênios da União e de suas entidades - Principal";1910891;0
2024;1;"1";"Executivo";"550301";"FUNDO ESTADUAL DE ASSISTÊNCIA SOCIAL";"1";"Receitas Correntes";"7";"Transferências Correntes";"1";"Transferências da União e de suas Entidades";"6500";"Transferências de Recursos  do Fundo Nacional  de Assistência Social - FNAS";"1";"Transferência de Recursos do Fundo Nacional de Assistência Social - FNAS - Principal";5009340;0
2024;1;"2";"Legislativo";"010101";"ASSEMBLÉIA LEGISLATIVA DO ESTADO DO AMAPÁ";"1";"Receitas Correntes";"3";"Receita Patrimonial";"2";"Valores Mobiliários";"1010";"Remuneração de Depósitos Bancários";"1";"Remuneração de Depósitos Bancários - Principal";332259;0
2024;1;"2";"Legislativo";"020101";"TRIBUNAL DE CONTAS DO ESTADO DO AMAPÁ";"1";"Receitas Correntes";"3";"Receita Patrimonial";"2";"Valores Mobiliários";"1010";"Remuneração de Depósitos Bancários";"1";"Remuneração de Depósitos Bancários - Principal";310000;0
2024;1;"2";"Legislativo";"020301";"FUNDO DE MODERNIZAÇÃO DO TRIBUNAL DE CONTAS DO ESTADO DO AMAPÁ - FMTCE";"1";"Receitas Correntes";"3";"Receita Patrimonial";"2";"Valores Mobiliários";"1010";"Remuneração de Depósitos Bancários";"1";"Remuneração de Depósitos Bancários - Principal";850;0
2024;1;"2";"Legislativo";"020301";"FUNDO DE MODERNIZAÇÃO DO TRIBUNAL DE CONTAS DO ESTADO DO AMAPÁ - FMTCE";"1";"Receitas Correntes";"9";"Outras Receitas Correntes";"1";"Multas Administrativas, Contratuais e Judiciais";"1070";"Multas Aplicadas pelos Tribunais de Contas";"1";"Multas Aplicadas pelos Tribunais de Contas - Principal";11500;0
2024;1;"3";"Judiciário";"030101";"TRIBUNAL DE JUSTIÇA DO ESTADO DO AMAPÁ";"1";"Receitas Correntes";"3";"Receita Patrimonial";"2";"Valores Mobiliários";"1010";"Remuneração de Depósitos Bancários";"1";"Remuneração de Depósitos Bancários - Principal";1000000;0
2024;1;"3";"Judiciário";"030101";"TRIBUNAL DE JUSTIÇA DO ESTADO DO AMAPÁ";"1";"Receitas Correntes";"3";"Receita Patrimonial";"6";"Cessão de Direitos";"1011";"Cessão do Direito de Operacionalização de Pagamentos - Poderes Executivo e Legislativo";"1";"Cessão do Direito de Operacionalização de Pagamentos - Poderes Executivo e Legislativo - Principal";3600000;0
2024;1;"3";"Judiciário";"030101";"TRIBUNAL DE JUSTIÇA DO ESTADO DO AMAPÁ";"1";"Receitas Correntes";"7";"Transferências Correntes";"1";"Transferências da União e de suas Entidades";"7990";"Outras Transferências de Convênios da União e de Suas Entidades";"1";"Outras Transferências de Convênios da União e de Suas Entidades - Principal";5000000;0
2024;1;"3";"Judiciário";"030101";"TRIBUNAL DE JUSTIÇA DO ESTADO DO AMAPÁ";"1";"Receitas Correntes";"9";"Outras Receitas Correntes";"2";"Indenizações, Restituições e Ressarcimentos";"2990";"Outras Restituições";"1";"Outras Restituições - Principal";600000;0
2024;1;"3";"Judiciário";"030301";"FUNDO DE MANUTENÇÃO E REAPARELHAMENTO DA JUSTIÇA";"1";"Receitas Correntes";"1";"Impostos, Taxas e Contribuições de Melhoria";"2";"Taxas";"2020";"Emolumentos e Custas Judiciais";"1";"Emolumentos e Custas Judiciais - Principal";4471008;0
2024;1;"3";"Judiciário";"030301";"FUNDO DE MANUTENÇÃO E REAPARELHAMENTO DA JUSTIÇA";"1";"Receitas Correntes";"1";"Impostos, Taxas e Contribuições de Melhoria";"2";"Taxas";"2500";"Taxas Judiciais";"1";"Taxas Judiciais - Principal";9239302;0
2024;1;"3";"Judiciário";"030301";"FUNDO DE MANUTENÇÃO E REAPARELHAMENTO DA JUSTIÇA";"1";"Receitas Correntes";"3";"Receita Patrimonial";"2";"Valores Mobiliários";"1010";"Remuneração de Depósitos Bancários";"1";"Remuneração de Depósitos Bancários - Principal";1234258;0
2024;1;"3";"Judiciário";"030302";"FUNDO DE APOIO AOS JUIZADOS DA INFÂNCIA E DA JUVENTUDE";"1";"Receitas Correntes";"1";"Impostos, Taxas e Contribuições de Melhoria";"2";"Taxas";"2500";"Taxas Judiciais";"1";"Taxas Judiciais - Principal";652172;0
2024;1;"3";"Judiciário";"030302";"FUNDO DE APOIO AOS JUIZADOS DA INFÂNCIA E DA JUVENTUDE";"1";"Receitas Correntes";"3";"Receita Patrimonial";"2";"Valores Mobiliários";"1010";"Remuneração de Depósitos Bancários";"1";"Remuneração de Depósitos Bancários - Principal";474337;0
2024;1;"3";"Judiciário";"030303";"FUNDO DE ESTRUTURAÇÃO DO REGISTRO CIVIL";"1";"Receitas Correntes";"1";"Impostos, Taxas e Contribuições de Melhoria";"2";"Taxas";"2020";"Emolumentos e Custas Judiciais";"1";"Emolumentos e Custas Judiciais - Principal";180000;0
2024;1;"3";"Judiciário";"030304";"FUNDO DE SEGURANÇA DE MAGISTRADOS E SERVIDORES";"1";"Receitas Correntes";"1";"Impostos, Taxas e Contribuições de Melhoria";"2";"Taxas";"2500";"Taxas Judiciais";"1";"Taxas Judiciais - Principal";60000;0
2024;1;"4";"Ministério Público";"040101";"MINISTÉRIO PÚBLICO ESTADO DO AMAPÁ";"1";"Receitas Correntes";"3";"Receita Patrimonial";"2";"Valores Mobiliários";"1010";"Remuneração de Depósitos Bancários";"1";"Remuneração de Depósitos Bancários - Principal";4540000;0
2024;1;"4";"Ministério Público";"040101";"MINISTÉRIO PÚBLICO ESTADO DO AMAPÁ";"1";"Receitas Correntes";"3";"Receita Patrimonial";"6";"Cessão de Direitos";"1011";"Cessão do Direito de Operacionalização de Pagamentos - Poderes Executivo e Legislativo";"1";"Cessão do Direito de Operacionalização de Pagamentos - Poderes Executivo e Legislativo - Principal";350000;0
2024;1;"4";"Ministério Público";"040101";"MINISTÉRIO PÚBLICO ESTADO DO AMAPÁ";"1";"Receitas Correntes";"7";"Transferências Correntes";"1";"Transferências da União e de suas Entidades";"7990";"Outras Transferências de Convênios da União e de Suas Entidades";"1";"Outras Transferências de Convênios da União e de Suas Entidades - Principal";500000;0
2024;1;"4";"Ministério Público";"040101";"MINISTÉRIO PÚBLICO ESTADO DO AMAPÁ";"1";"Receitas Correntes";"9";"Outras Receitas Correntes";"2";"Indenizações, Restituições e Ressarcimentos";"2990";"Outras Restituições";"1";"Outras Restituições - Principal";40000;0
2024;1;"4";"Ministério Público";"040101";"MINISTÉRIO PÚBLICO ESTADO DO AMAPÁ";"2";"Receitas de Capital";"2";"Alienação de Bens";"1";"Alienação de Bens Móveis";"3010";"Alienação de Bens Móveis e Semoventes";"1";"Alienação de Bens Móveis e Semoventes - Principal";100000;0
2024;1;"4";"Ministério Público";"040101";"MINISTÉRIO PÚBLICO ESTADO DO AMAPÁ";"2";"Receitas de Capital";"4";"Transferência de Capital";"1";"Transferências da União e de suas Entidades";"4990";"Outras Transferências de Convênios da União e de suas entidades";"1";"Outras Transferências de Convênios da União e de suas entidades - Principal";7000000;0
2024;1;"4";"Ministério Público";"040301";"FUNDO ESPECIAL DE APOIO E DESENVOLVIMENTO DO MINISTÉRIO PÚBLICO";"1";"Receitas Correntes";"1";"Impostos, Taxas e Contribuições de Melhoria";"2";"Taxas";"2020";"Emolumentos e Custas Judiciais";"1";"Emolumentos e Custas Judiciais - Principal";1300000;0
2024;1;"4";"Ministério Público";"040301";"FUNDO ESPECIAL DE APOIO E DESENVOLVIMENTO DO MINISTÉRIO PÚBLICO";"1";"Receitas Correntes";"3";"Receita Patrimonial";"2";"Valores Mobiliários";"1010";"Remuneração de Depósitos Bancários";"1";"Remuneração de Depósitos Bancários - Principal";100000;0
2024;1;"4";"Ministério Público";"040301";"FUNDO ESPECIAL DE APOIO E DESENVOLVIMENTO DO MINISTÉRIO PÚBLICO";"1";"Receitas Correntes";"9";"Outras Receitas Correntes";"1";"Multas Administrativas, Contratuais e Judiciais";"1090";"Multas e Juros Previstos em Contratos";"1";"Multas e Juros Previstos em Contratos - Principal";500000;0
2024;1;"4";"Ministério Público";"040301";"FUNDO ESPECIAL DE APOIO E DESENVOLVIMENTO DO MINISTÉRIO PÚBLICO";"1";"Receitas Correntes";"9";"Outras Receitas Correntes";"9";"Demais Receitas Correntes";"9992";"Outras Receitas Não Arrecadadas e Não Projetdas pela RFB - Primárias";"1";"Outras Receitas Não Arrecadadas e Não Projetdas pela RFB - Primárias - Principal";300000;0
2024;1;"4";"Ministério Público";"040302";"FUNDO DE COMBATE A IMPROBIDADE ADMINISTRATIVA E A CORRUPÇÃO ";"1";"Receitas Correntes";"3";"Receita Patrimonial";"2";"Valores Mobiliários";"1010";"Remuneração de Depósitos Bancários";"1";"Remuneração de Depósitos Bancários - Principal";100000;0
2024;1;"4";"Ministério Público";"040302";"FUNDO DE COMBATE A IMPROBIDADE ADMINISTRATIVA E A CORRUPÇÃO ";"1";"Receitas Correntes";"7";"Transferências Correntes";"4";"Transferências de Instituições Privadas";"1990";"Outras Transferências de  Convênio  de Instituições Privadas";"1";"Outras Transferências de Convênios de Instituições Privadas - Principal";100000;0
2024;1;"4";"Ministério Público";"040302";"FUNDO DE COMBATE A IMPROBIDADE ADMINISTRATIVA E A CORRUPÇÃO ";"1";"Receitas Correntes";"9";"Outras Receitas Correntes";"1";"Multas Administrativas, Contratuais e Judiciais";"1080";"Multas Decorrentes de Sentenças Judiciais";"1";"Multas Decorrentes de Sentenças Judiciais - Principal";700000;0
2024;1;"4";"Ministério Público";"040302";"FUNDO DE COMBATE A IMPROBIDADE ADMINISTRATIVA E A CORRUPÇÃO ";"1";"Receitas Correntes";"9";"Outras Receitas Correntes";"1";"Multas Administrativas, Contratuais e Judiciais";"1131";"Multas da Legislação Anticorrupção oriundas de Processos Administrativos de Responsabilização - Principal";"1";"Multas da Legislação Anticorrupção oriundas de Processos Administrativos de Responsabilização - Principal";700000;0
2024;1;"4";"Ministério Público";"040302";"FUNDO DE COMBATE A IMPROBIDADE ADMINISTRATIVA E A CORRUPÇÃO ";"1";"Receitas Correntes";"9";"Outras Receitas Correntes";"9";"Demais Receitas Correntes";"9992";"Outras Receitas Não Arrecadadas e Não Projetdas pela RFB - Primárias";"1";"Outras Receitas Não Arrecadadas e Não Projetdas pela RFB - Primárias - Principal";300000;0
2024;1;"5";"Defensoria";"050101";"DEFENSORIA PÚBLICA DO ESTADO - DPE ";"1";"Receitas Correntes";"3";"Receita Patrimonial";"2";"Valores Mobiliários";"1010";"Remuneração de Depósitos Bancários";"1";"Remuneração de Depósitos Bancários - Principal";1300000;0
2024;1;"5";"Defensoria";"050101";"DEFENSORIA PÚBLICA DO ESTADO - DPE ";"1";"Receitas Correntes";"7";"Transferências Correntes";"1";"Transferências da União e de suas Entidades";"7990";"Outras Transferências de Convênios da União e de Suas Entidades";"1";"Outras Transferências de Convênios da União e de Suas Entidades - Principal";600000;0
2024;1;"5";"Defensoria";"050101";"DEFENSORIA PÚBLICA DO ESTADO - DPE ";"2";"Receitas de Capital";"4";"Transferência de Capital";"1";"Transferências da União e de suas Entidades";"4990";"Outras Transferências de Convênios da União e de suas entidades";"1";"Outras Transferências de Convênios da União e de suas entidades - Principal";250000;0
2024;1;"5";"Defensoria";"050301";"FUNDO ESPECIAL DA DEFENSORIA PÚBLICA DO ESTADO - FEDPAP";"1";"Receitas Correntes";"1";"Impostos, Taxas e Contribuições de Melhoria";"2";"Taxas";"2500";"Taxas Judiciais";"1";"Taxas Judiciais - Principal";950000;0
2024;1;"5";"Defensoria";"050301";"FUNDO ESPECIAL DA DEFENSORIA PÚBLICA DO ESTADO - FEDPAP";"1";"Receitas Correntes";"3";"Receita Patrimonial";"2";"Valores Mobiliários";"1010";"Remuneração de Depósitos Bancários";"1";"Remuneração de Depósitos Bancários - Principal";130000;0
2024;1;"5";"Defensoria";"050301";"FUNDO ESPECIAL DA DEFENSORIA PÚBLICA DO ESTADO - FEDPAP";"1";"Receitas Correntes";"9";"Outras Receitas Correntes";"9";"Demais Receitas Correntes";"9122";"Ônus de Sucumbência";"1";"Ônus de Sucumbência - Principal";126000;0
